mean,var,scale
5.843333333333335,0.6811222222222222,0.8253012917851409
3.057333333333334,0.1887128888888887,0.43441096773549437
3.7580000000000027,3.0955026666666674,1.7594040657753032
1.199333333333334,0.5771328888888888,0.7596926279021594
